{"cameraMode":{"drawMode":0,"name":"Shaded","section":"Shading Mode"},"sceneLighting":true,"audioPlay":false,"sceneViewState":{"m_AlwaysRefresh":false,"showFog":true,"showSkybox":true,"showFlares":true,"showImageEffects":true,"showParticleSystems":true,"showVisualEffectGraphs":true,"m_FxEnabled":true},"in2DMode":false,"pivot":{"x":409.2812805175781,"y":-3.2277872562408449,"z":13.300192832946778},"rotation":{"x":-0.050093699246644977,"y":0.5602722764015198,"z":-0.03408605605363846,"w":-0.8265078663825989},"size":14.00088882446289,"orthographic":false}