{"cameraMode":{"drawMode":0,"name":"Shaded","section":"Shading Mode"},"sceneLighting":false,"audioPlay":false,"sceneViewState":{"m_AlwaysRefresh":false,"showFog":true,"showSkybox":false,"showFlares":true,"showImageEffects":true,"showParticleSystems":true,"showVisualEffectGraphs":true,"m_FxEnabled":true},"in2DMode":false,"pivot":{"x":-0.09519925713539124,"y":0.9368922710418701,"z":0.2519666254520416},"rotation":{"x":0.22344350814819337,"y":-0.009517397731542588,"z":0.0024085671175271274,"w":0.9748929738998413},"size":1.5741578340530396,"orthographic":false}